db,type,statistic,p.value,padj
RBP_eCLiP,PRPF4,3481,6.758457486062567e-58,3.622533212529536e-55
G4Qpred,tl:4-5_nl:1-2_gn:1,4399,4.141324769904152e-57,2.2197500766686255e-54
Splice_Events,bleedingExon,4059,3.561363609214887e-55,1.9088908945391797e-52
RBP_eCLiP,CSTF2T,4066,7.248780651361379e-55,3.8853464291296994e-52
RBP_eCLiP,PRPF8,4154,1.8669600582420676e-54,1.0006905912177483e-51
Splice_Events,retainedIntron,4282,3.8349175882663737e-54,2.0555158273107762e-51
Transcript_Features,threeUTR,4412,1.516490347903825e-53,8.128388264764503e-51
RBP_eCLiP,AQR,4397,2.4547289178708553e-53,1.3157346999787785e-50
RBP_eCLiP,EFTUD2,4478,5.657919722383337e-53,3.032644971197469e-50
encodeTFBS,AGO2,4873,2.674274205440548e-52,1.4334109741161338e-49
RBP_eCLiP,PPIG,4736,4.508953061382606e-52,2.4167988409010766e-49
G4Qpred,tl:6-12_nl:3-9_gn:1,5241,4.6523177550466916e-52,2.493642316705027e-49
RBP_ChIP,AGO2,4937,3.6106154731896057e-51,1.9352898936296286e-48
RBP_eCLiP,EWSR1,4969,9.628612875579312e-51,5.1609365013105114e-48
Splice_Events,cassetteExon,5083,1.616953982147907e-50,8.666873344312781e-48
RBP_eCLiP,METAP2,5076,2.8951949855928017e-50,1.5518245122777418e-47
Splice_Events,altThreePrime,5193,4.970874367625286e-50,2.6643886610471532e-47
encodeTFBS,POLR2G,5387,5.025564799025656e-50,2.6937027322777516e-47
Encode_CREs,enhP,5040,7.578148776405559e-50,4.0618877441533796e-47
Transcript_Features,Exon,5223,3.182535268133093e-49,1.7058389037193379e-46
RBP_eCLiP,FAM120A,5410,8.565450195764103e-49,4.591081304929559e-46
Encode_Histone,H3K4me1,5541,3.2297490524736694e-48,1.731145492125887e-45
Splice_Events,altFivePrime,5611,3.3397437358929855e-48,1.7901026424386402e-45
RBP_ChIP,SRSF4,5596,5.602715979830182e-48,3.0030557651889775e-45
encodeTFBS,RBFOX2,5999,2.1929038818875174e-47,1.1753964806917092e-44
knownGene_RNAs,protein_coding,5985,7.086201548297845e-47,3.7982040298876447e-44
RBP_ChIP,AGO1,5895,1.0927170058028253e-46,5.856963151103144e-44
RBP_ChIP,RBM14,5905,1.2059865264031235e-46,6.464087781520742e-44
RBP_eCLiP,SF3A3,5983,2.5453728216755634e-46,1.364319832418102e-43
Splice_Events,altPromoter,6204,1.16235100971994e-45,6.230201412098879e-43
RBP_ChIP,POLR2G,6206,2.297441639282881e-45,1.2314287186556243e-42
RBP_ChIP,RBFOX2,6243,3.2908120248834004e-45,1.7638752453375025e-42
encodeTFBS,RBM22,6396,3.845612598618554e-45,2.061248352859545e-42
RBP_ChIP,SRSF3,6271,4.314475861621867e-45,2.3125590618293208e-42
RBP_ChIP,RBM22,6315,6.606766616305102e-45,3.541226906339535e-42
encodeTFBS,ZNF263,6317,6.73890239074523e-45,3.6120516814394433e-42
RBP_ChIP,PCBP1,6344,8.743585224187384e-45,4.686561680164438e-42
encodeTFBS,MGA,6862,1.2214816118905548e-44,6.547141439733374e-42
RBP_eCLiP,SF3B4,6425,1.8716746499497794e-44,1.0032176123730818e-41
Transcript_Features,fiveUTR,6502,2.0602664006546865e-44,1.104302790750912e-41
encodeTFBS,PCBP1,7326,3.5879274988182786e-44,1.9231291393665973e-41
encodeTFBS,KDM5B,6534,5.432825618876567e-44,2.91199453171784e-41
encodeTFBS,JUND,7445,5.615491058016618e-44,3.0099032070969073e-41
Splice_Events,altFinish,6608,5.665533480675161e-44,3.036725945641886e-41
RBP_eCLiP,PABPC4,6605,1.0587897252844619e-43,5.675112927524716e-41
encodeTFBS,MYC,7337,1.4377814203767816e-43,7.706508413219549e-41
PolyA,polyA_site,6719,1.6289272896249488e-43,8.731050272389726e-41
encodeTFBS,MAX,7223,1.8386773819215535e-43,9.855310767099526e-41
encodeTFBS,GABPB1,6747,4.1256091448782025e-43,2.2113265016547166e-40
RBP_ChIP,U2AF1,6763,4.785958080016262e-43,2.5652735308887164e-40
CpG_Islands,CpG_Islands,7842,5.6596117554895025e-43,3.033551900942373e-40
Transcript_Features,TTS,6351,8.10857184080285e-43,4.346194506670328e-40
encodeTFBS,YY1,7386,8.230412436103518e-43,4.411501065751485e-40
encodeTFBS,MEF2B,6825,8.622135203023898e-43,4.621464468820809e-40
encodeTFBS,TAF15,7535,8.770855871453672e-43,4.701178747099168e-40
RBP_ChIP,SAFB,6827,8.7853964823847e-43,4.7089725145581994e-40
encodeTFBS,E2F6,6837,9.655079474756459e-43,5.175122598469462e-40
Encode_Histone,H3K4me2,6902,1.7800415772422013e-42,9.541022854018198e-40
RBP_ChIP,NONO,6903,1.796658162398258e-42,9.630087750454663e-40
RBP_eCLiP,TIAL1,6986,1.9860169941798188e-42,1.0645051088803829e-39
knownGene_RNAs,nonsense_mediated_decay,7003,2.3597645901813822e-42,1.2648338203372208e-39
encodeTFBS,NR2F1,6941,2.566991715189013e-42,1.375907559341311e-39
encodeTFBS,EBF1,6956,2.954569434722193e-42,1.5836492170110957e-39
encodeTFBS,L3MBTL2,7529,3.035979618000269e-42,1.6272850752481443e-39
encodeTFBS,POU2F2,7079,4.79513440718832e-42,2.5701920422529398e-39
encodeTFBS,SMAD5,7019,5.327090338792008e-42,2.8553204215925163e-39
encodeTFBS,RBM39,8135,7.653687489953455e-42,4.102376494615052e-39
PolyA,polyA_signal,7176,1.1806631719878534e-41,6.328354601854894e-39
Encode_Histone,H3K27ac,7179,1.213969689114568e-41,6.506877533654085e-39
RBP_eCLiP,ZNF622,7266,1.3981759261439634e-41,7.494222964131644e-39
RBP_ChIP,TARDBP,7134,1.5544966074696653e-41,8.332101816037406e-39
RBP_eCLiP,DDX24,7150,1.803930078448234e-41,9.669065220482535e-39
RBP_ChIP,RBM39,7155,1.885270344045285e-41,1.0105049044082727e-38
G4Qexp,G4Q_PDS_NaK_GSE63874,7066,2.4732765678158185e-41,1.3256762403492787e-38
Encode_CREs,prom,7267,2.738705739835069e-41,1.4679462765515972e-38
RBP_eCLiP,SUB1,7209,3.1058842026143353e-41,1.6647539326012839e-38
encodeTFBS,TAF7,7512,3.5605139252321056e-41,1.9084354639244085e-38
encodeTFBS,SMARCA4,7552,5.123938866195818e-41,2.7464312322809583e-38
RBP_ChIP,HNRNPLL,7273,5.629332911287051e-41,3.0173224404498595e-38
Transcript_Features,TSS,6711,6.183331818582787e-41,3.3142658547603743e-38
RBP_eCLiP,NONO,7304,7.489616985160907e-41,4.014434704046246e-38
encodeTFBS,NR2C1,7322,8.840815964990529e-41,4.738677357234924e-38
RBP_eCLiP,EIF3H,7422,1.0793522344902711e-40,5.785327976867853e-38
Encode_Histone,H3K9ac,7418,1.0970288778409434e-40,5.880074785227456e-38
encodeTFBS,TAF1,8222,1.1238872098878936e-40,6.024035444999109e-38
encodeTFBS,SMARCB1,7355,1.1974091075998327e-40,6.418112816735103e-38
encodeTFBS,RELB,7466,1.701521383312452e-40,9.120154614554743e-38
encodeTFBS,LEF1,8187,2.999634305714925e-40,1.6078039878631997e-37
encodeTFBS,EP400,7542,3.401774776921784e-40,1.8233512804300762e-37
encodeTFBS,REST,8534,4.745972196372586e-40,2.543841097255706e-37
G4Qpred,tl:6-12_nl:3-9_gn:2-4,7832,6.2037008328715476e-40,3.3251836464191496e-37
RBP_eCLiP,RBM5,7614,7.721069766552287e-40,4.138493394872026e-37
RBP_eCLiP,FMR1,7573.5,8.053650214559291e-40,4.31675651500378e-37
RBP_eCLiP,SFPQ,7578.5,8.428200992960307e-40,4.5175157322267245e-37
RBP_ChIP,XRCC5,7581,9.430590310451603e-40,5.0547964064020595e-37
encodeTFBS,WRNIP1,7600,1.1207294609087938e-39,6.007109910471135e-37
encodeTFBS,KDM4A,7781,1.5213070726152225e-39,8.154205909217593e-37
encodeTFBS,ZEB1,7736,1.9699460848564634e-39,1.0558911014830644e-36
knownGene_RNAs,snoRNA,7763,2.5021606855733253e-39,1.3411581274673025e-36
encodeTFBS,PHF8,8430,2.518066617560793e-39,1.3496837070125851e-36
Encode_Histone,H3K4me3,7691,2.553655029696603e-39,1.3687590959173792e-36
encodeTFBS,ZFP91,7777,2.8489638135778375e-39,1.527044604077721e-36
Transcript_Features,Intron,5542,4.187470632294081e-39,2.2444842589096272e-36
encodeTFBS,NCOA1,7757,4.6293219150618335e-39,2.481316546473143e-36
encodeTFBS,PML,7789,6.172533177248776e-39,3.308477783005344e-36
encodeTFBS,NFYB,7792,6.341127853714415e-39,3.398844529590927e-36
RBP_eCLiP,BUD13,7837.5,7.897202696332891e-39,4.2329006452344296e-36
encodeTFBS,CREM,8195,8.363681959964264e-39,4.4829335305408454e-36
encodeTFBS,RUNX3,7851,1.0763591487998044e-38,5.7692850375669515e-36
encodeTFBS,HNRNPL,8394,1.2914418242376317e-38,6.922128177913707e-36
encodeTFBS,E2F4,7872,1.298561000605335e-38,6.960286963244597e-36
RBP_ChIP,SRSF1,7877,1.352103432250189e-38,7.247274396861012e-36
encodeTFBS,AGO1,8409,1.4717382489836867e-38,7.888517014552561e-36
RBP_ChIP,HNRNPK,7889,1.4995369372980594e-38,8.037517983917599e-36
RBP_eCLiP,GTF2F1,7910,1.8089387879966495e-38,9.695911903662042e-36
encodeTFBS,CBFA2T3,8228,2.1569675201882116e-38,1.1561345908208814e-35
encodeTFBS,ASH2L,8084,2.2687613776140631e-38,1.2160560984011379e-35
encodeTFBS,SPI1,8417,3.032150892913713e-38,1.6252328786017503e-35
encodeTFBS,RLF,8000,4.0657718064900584e-38,2.1792536882786712e-35
encodeTFBS,ZEB2,8009,4.404157308588984e-38,2.3606283174036955e-35
encodeTFBS,PRDM10,8385,4.4175716318707743e-38,2.367818394682735e-35
encodeTFBS,ZBTB2,8042,5.902401328938165e-38,3.163687112310856e-35
RBP_eCLiP,IGF2BP2,8044,5.917322980974149e-38,3.171685117802144e-35
encodeTFBS,NFATC3,8203,6.481797243887559e-38,3.474243322723732e-35
RBP_eCLiP,SRSF9,8131.5,1.0444825935797676e-37,5.598426701587554e-35
RBP_eCLiP,FKBP4,8154,1.39855005927742e-37,7.496228317726971e-35
encodeTFBS,IRF1,8158,1.6454666543467462e-37,8.81970126729856e-35
RBP_ChIP,RBM25,8180,1.9972302707979552e-37,1.070515425147704e-34
RBP_eCLiP,XRN2,8271,2.9671241210875775e-37,1.5903785289029416e-34
encodeTFBS,RAD21,9252,4.04995431188013e-37,2.1707755111677496e-34
encodeTFBS,POLR2A,9433,5.291996062433893e-37,2.8365098894645666e-34
encodeTFBS,BRD9,8299,5.673460364226384e-37,3.0409747552253422e-34
encodeTFBS,NR2F2,8842,6.131437607398527e-37,3.28645055756561e-34
encodeTFBS,GMEB1,8339,8.046652920731766e-37,4.313005965512227e-34
RBP_eCLiP,DGCR8,8417,1.5382285627153032e-36,8.244905096154025e-34
encodeTFBS,CREB3L1,8463,2.3661294412450297e-36,1.268245380507336e-33
RBP_eCLiP,NKRF,8467,2.4215205027626595e-36,1.2979349894807855e-33
encodeTFBS,KAT8,8516,3.727750459470398e-36,1.9980742462761336e-33
Encode_CREs,enhD,7693,5.576311261142987e-36,2.988902835972641e-33
RBP_ChIP,FUS,8568,5.7503035327764814e-36,3.082162693568194e-33
encodeTFBS,C11orf30,8569,5.9156302861015376e-36,3.170777833350424e-33
RBP_eCLiP,RBM15,8628,6.175886250951524e-36,3.3102750305100174e-33
encodeTFBS,BCOR,8581,6.560097509167376e-36,3.5162122649137136e-33
RBP_eCLiP,UPF1,8598,6.81258076758702e-36,3.651543291426643e-33
RBP_eCLiP,RPS3,8624,7.475107723351034e-36,4.006657739716154e-33
encodeTFBS,TBL1XR1,8639,1.0803426321884942e-35,5.790636508530329e-33
encodeTFBS,TBP,9183,1.09099202828692e-35,5.847717271617891e-33
RBP_eCLiP,DDX3X,8654.5,1.1781822721055953e-35,6.315056978485991e-33
encodeTFBS,THAP1,8677,1.4967005485477158e-35,8.022314940215757e-33
RBP_eCLiP,U2AF2,8704,1.8794056155629254e-35,1.007361409941728e-32
RBP_ChIP,HNRNPL,8720,2.1355326168962903e-35,1.1446454826564116e-32
encodeTFBS,KLF5,8736,2.4795495616803963e-35,1.3290385650606923e-32
encodeTFBS,HDAC3,8744,2.654883999701223e-35,1.4230178238398555e-32
RBP_ChIP,PTBP1,8760,2.7011789060673674e-35,1.4478318936521089e-32
RBP_ChIP,FIP1L1,8773,3.28865448427329e-35,1.7627188035704836e-32
encodeTFBS,ARID1B,8789,3.896851275715888e-35,2.088712283783716e-32
encodeTFBS,BRD4,8840,6.013258586161645e-35,3.223106602182642e-32
encodeTFBS,ATF4,9624,6.026799875001012e-35,3.2303647330005423e-32
encodeTFBS,SIN3A,9918,9.632020778282792e-35,5.162763137159577e-32
RBP_ChIP,GTF2F1,8983,2.0152846839724534e-34,1.080192590609235e-31
RBP_ChIP,PRPF4,9015,2.198604401737514e-34,1.1784519593313075e-31
encodeTFBS,TEAD4,9037,3.17614217854727e-34,1.7024122077013367e-31
encodeTFBS,TBX21,9038,3.202940844443459e-34,1.7167762926216939e-31
snoRNA_miRNA_scaRNA,miRNA,9157,4.468415894349216e-34,2.3950709193711796e-31
encodeTFBS,ETS1,9527,6.940522878951163e-34,3.720120263117823e-31
encodeTFBS,MXI1,9775,7.490566801169652e-34,4.014943805426934e-31
RBP_eCLiP,DROSHA,9159,7.966172322639549e-34,4.269868364934798e-31
RBP_ChIP,RBM34,9169,8.847794979080666e-34,4.742418108787237e-31
knownGene_RNAs,miRNA,9245,9.30201022650378e-34,4.985877481406026e-31
encodeTFBS,MEIS2,9615,1.4262854341468782e-33,7.644889927027267e-31
encodeTFBS,ZBTB7A,9435,2.3225581936354682e-33,1.2448911917886109e-30
encodeTFBS,SKI,9755,2.3254772391053444e-33,1.2464558001604647e-30
RBP_eCLiP,RBFOX2,9328.5,3.4947187529644856e-33,1.8731692515889643e-30
encodeTFBS,E2F1,9363,4.794752240274918e-33,2.5699872007873558e-30
encodeTFBS,CC2D1A,9422,7.79515977526803e-33,4.178205639543665e-30
encodeTFBS,NR3C1,10070,8.042515829899926e-33,4.310788484826361e-30
encodeTFBS,EGR1,10452,1.2765451441639237e-32,6.842281972718631e-30
encodeTFBS,GABPA,10539,1.3366271204976541e-32,7.164321365867427e-30
encodeTFBS,IKZF2,9975,1.3695213785058055e-32,7.340634588791118e-30
RBP_eCLiP,APOBEC3C,9521,1.4268326925888695e-32,7.647823232276341e-30
encodeTFBS,RBM25,9525,1.8138383890934994e-32,9.722173765541157e-30
RBP_eCLiP,PCBP2,9613,1.9243655514119533e-32,1.031459935556807e-29
encodeTFBS,NCOR1,10528,2.3139409321106597e-32,1.2402723396113136e-29
encodeTFBS,HDAC1,10905,3.4306079480103727e-32,1.8388058601335598e-29
encodeTFBS,TRIM28,9638,4.555294631871597e-32,2.441637922683176e-29
encodeTFBS,ZNF143,10396,5.582593830193357e-32,2.992270292983639e-29
encodeTFBS,HNRNPLL,10905,6.429176164753352e-32,3.4460384243077964e-29
encodeTFBS,NR2F6,9904,1.0478635435756242e-31,5.616548593565345e-29
RBP_ChIP,PCBP2,9761,1.2137440037760141e-31,6.505667860239436e-29
RBP_eCLiP,AKAP1,9632.5,1.26843046157302e-31,6.798787274031387e-29
encodeTFBS,SETDB1,9766,1.283510180576534e-31,6.879614567890222e-29
encodeTFBS,NFIC,10104,1.4024149665262014e-31,7.516944220580439e-29
encodeTFBS,RBM14,10164,2.2562621055960977e-31,1.2093564885995083e-28
RBP_eCLiP,SRSF1,9716,4.139939960012231e-31,2.2190078185665557e-28
encodeTFBS,CBFB,9995,8.035864160870883e-31,4.307223190226794e-28
RBP_eCLiP,LIN28B,10024,8.531546991569474e-31,4.572909187481238e-28
RBP_ChIP,TAF15,9434,8.669177057616616e-31,4.6466789028825065e-28
encodeTFBS,ASH1L,10025,1.0200073584455153e-30,5.467239441267962e-28
RBP_eCLiP,UCHL5,10056,1.1632974879082188e-30,6.235274535188052e-28
encodeTFBS,BCL3,10192,1.985594700743032e-30,1.0642787595982652e-27
encodeTFBS,FOSL2,10528,2.0452035403424827e-30,1.0962290976235708e-27
encodeTFBS,ZNF316,10735,2.7949857660659483e-30,1.4981123706113483e-27
RBP_eCLiP,GRWD1,10167,2.9059293369871867e-30,1.5575781246251321e-27
encodeTFBS,TRIM24,10251,3.157215452261638e-30,1.6922674824122377e-27
encodeTFBS,SAP30,10510,3.392480261081507e-30,1.8183694199396877e-27
snoRNA_miRNA_scaRNA,CDBox,9891,4.052543496403067e-30,2.172163314072044e-27
encodeTFBS,KDM1A,11243,5.524242596150359e-30,2.9609940315365924e-27
RBP_eCLiP,G3BP1,10324,5.591319580001752e-30,2.996947294880939e-27
Cohesin,STAG2,10383,8.859290838533888e-30,4.7485798894541636e-27
RBP_ChIP,RBM15,10186.5,1.0621307689212424e-29,5.6930209214178594e-27
encodeTFBS,HMBOX1,10598,8.954921747607513e-29,4.7998380567176267e-26
encodeTFBS,RXRA,11204,9.771060722810499e-29,5.237288547426427e-26
encodeTFBS,RBBP5,11389,1.089836193717082e-28,5.841521998323559e-26
encodeTFBS,FUS,10723,1.217612626551964e-28,6.526403678318526e-26
RBP_eCLiP,EIF4G2,10660,1.4324178022914645e-28,7.677759420282249e-26
encodeTFBS,SMC3,11273,1.6348454132438477e-28,8.762771414987024e-26
encodeTFBS,RB1,11815,2.021487520759274e-28,1.0835173111269707e-25
encodeTFBS,STAT5A,10736,2.5716845862565433e-28,1.3784229382335073e-25
encodeTFBS,ZNF639,10999,2.710585765911436e-28,1.4528739705285298e-25
encodeTFBS,GATA1,10965,3.9940500066915717e-28,2.1408108035866826e-25
skewr,C_SKEW,12105,4.743897219615262e-28,2.54272890971378e-25
encodeTFBS,BHLHE40,12178,7.998924841056122e-28,4.287423714806081e-25
encodeTFBS,XRCC5,11839,8.38393607817747e-28,4.493789737903124e-25
encodeTFBS,SKIL,11956,1.0457874309339157e-27,5.605420629805788e-25
encodeTFBS,U2AF1,11026,1.2029764782296442e-27,6.447953923310893e-25
encodeTFBS,BACH1,11375,1.2419863752902393e-27,6.657046971555682e-25
encodeTFBS,HNF4A,11125,1.3244334550767902e-27,7.098963319211595e-25
encodeTFBS,HNF4G,11127,1.3443292778246516e-27,7.205604929140132e-25
RBP_eCLiP,GPKOW,11030,1.837512577571301e-27,9.849067415782172e-25
encodeTFBS,TFAP4,11541,2.2281428590562747e-27,1.1942845724541632e-24
encodeTFBS,MIER1,11042,2.584779517272232e-27,1.3854418212579164e-24
RBP_eCLiP,SND1,11071,3.0324557744620493e-27,1.6253962951116584e-24
encodeTFBS,ATF3,12310,7.025276804409669e-27,3.765548367163583e-24
RBP_eCLiP,PCBP1,11029.5,1.132614373380312e-26,6.070813041318472e-24
encodeTFBS,AFF1,11421,1.179670403658595e-26,6.32303336361007e-24
encodeTFBS,MTA1,11891,1.495938680514418e-26,8.01823132755728e-24
skewr,G_SKEW,12613,1.718330482344029e-26,9.210251385363996e-24
encodeTFBS,ZNF579,11311,1.8960442997402662e-26,1.0162797446607827e-23
RBP_eCLiP,TIA1,11416.5,2.3447728294170184e-26,1.2567982365675219e-23
encodeTFBS,DPF2,12411,2.6517219150780333e-26,1.4213229464818257e-23
encodeTFBS,CBFA2T2,11801,2.762608395617368e-26,1.4807581000509092e-23
encodeTFBS,PAX5,11450,2.763070418276008e-26,1.4810057441959403e-23
encodeTFBS,SMAD1,11378,3.0983506133732856e-26,1.6607159287680812e-23
RBP_eCLiP,STAU2,11439.5,4.7173131342687515e-26,2.5284798399680507e-23
encodeTFBS,SRSF9,42264,5.801812533110631e-26,3.109771517747298e-23
encodeTFBS,HNRNPK,12087,6.049412041255696e-26,3.242484854113053e-23
encodeTFBS,CBX1,11774,1.519228893440874e-25,8.143066868843085e-23
encodeTFBS,ELF4,12307,2.8448248592191796e-25,1.5248261245414802e-22
encodeTFBS,USF1,12152,3.3484767214112547e-25,1.7947835226764326e-22
encodeTFBS,TCF7L2,11799,6.465414599720488e-25,3.4654622254501818e-22
encodeTFBS,ZBED1,11799,6.465414599720488e-25,3.4654622254501818e-22
encodeTFBS,IRF4,11908,7.434543678467149e-25,3.9849154116583916e-22
encodeTFBS,E2F8,11998,7.465601238274891e-25,4.0015622637153415e-22
RBP_eCLiP,GEMIN5,11823,7.668547900902452e-25,4.110341674883714e-22
Encode_Histone,H3K36me3,11841,8.71504678429224e-25,4.671265076380641e-22
encodeTFBS,ZFX,13284,9.136245358845074e-25,4.89702751234096e-22
encodeTFBS,GATA3,12809,1.421600282122543e-24,7.619777512176831e-22
RBP_eCLiP,CSTF2,12028,1.6315525439647274e-24,8.745121635650939e-22
encodeTFBS,MBD2,12673,1.9230466287484796e-24,1.030752993009185e-21
RBP_eCLiP,NIPBL,12017,1.935236218050986e-24,1.0372866128753285e-21
encodeTFBS,DNMT1,11955,1.9506038789492496e-24,1.0455236791167977e-21
encodeTFBS,ELF1,13309,1.9737267645631977e-24,1.057917545805874e-21
encodeTFBS,RNF2,13508,2.2242458779968293e-24,1.1921957906063005e-21
encodeTFBS,SRSF4,12070,2.3279152642927236e-24,1.2477625816608998e-21
RBP_eCLiP,CPSF6,12061.5,3.853668038722446e-24,2.065566068755231e-21
RBP_eCLiP,FXR2,11553,4.730376141351448e-24,2.5354816117643762e-21
encodeTFBS,EED,12730,5.257308741093842e-24,2.8179174852262992e-21
encodeTFBS,NFYA,12135,6.88680569640509e-24,3.691327853273128e-21
encodeTFBS,ETV4,12643,1.0009501234487809e-23,5.3650926616854655e-21
RBP_eCLiP,AKAP8L,12192,1.0234008119038494e-23,5.4854283518046324e-21
RBP_eCLiP,DDX59,12330,1.4168300091732284e-23,7.594208849168505e-21
RBP_eCLiP,IGF2BP1,12354,1.76648593517151e-23,9.468364612519293e-21
encodeTFBS,U2AF2,12474,2.0384763364444916e-23,1.0926233163342475e-20
encodeTFBS,IKZF1,13886,2.634505259763977e-23,1.4120948192334917e-20
encodeTFBS,PLRG1,44599,2.7545247134353646e-23,1.4764252464013555e-20
RBP_eCLiP,ZRANB2,12292.5,3.479388261923082e-23,1.864952108390772e-20
RBP_eCLiP,U2AF1,11936,4.075808907254617e-23,2.1846335742884747e-20
encodeTFBS,SIX5,12626,5.734105745429582e-23,3.073480679550256e-20
encodeTFBS,PRPF4,13023,6.983750182190709e-23,3.74329009765422e-20
encodeTFBS,HCFC1,13377,1.1635026775008022e-22,6.2363743514043e-20
encodeTFBS,ETV6,13293,1.2296425844127823e-22,6.590884252452513e-20
encodeTFBS,SIN3B,13223,1.4252932108768086e-22,7.639571610299694e-20
encodeTFBS,ZNF318,12579,1.4481972466698643e-22,7.762337242150473e-20
encodeTFBS,TAL1,12698,3.2256375015983505e-22,1.7289417008567159e-19
encodeTFBS,CLOCK,14010,3.4620144439931437e-22,1.855639741980325e-19
encodeTFBS,KDM5A,13747,3.848761703411128e-22,2.0629362730283645e-19
RBP_eCLiP,YBX3,12798,4.218936517408225e-22,2.2613499733308084e-19
encodeTFBS,STAT1,12950,9.291053489196712e-22,4.980004670209438e-19
encodeTFBS,TCF7,13176,1.2019268486028925e-21,6.442327908511503e-19
encodeTFBS,ZZZ3,13234,3.2305779873669506e-21,1.7315898012286854e-18
encodeTFBS,MYNN,13105,4.748565541817591e-21,2.545231130414229e-18
encodeTFBS,SMARCC2,13833,7.292146728077278e-21,3.908590646249421e-18
encodeTFBS,GATA2,13174,7.434701723551833e-21,3.985000123823782e-18
encodeTFBS,NRF1,14913,9.08776221534653e-21,4.8710405474257406e-18
Cohesin,STAG1,13327,1.0810643355778078e-20,5.79450483869705e-18
encodeTFBS,CHD1,14796,1.4198619396232408e-20,7.610459996380571e-18
Splice_Events,strangeSplice,13429,2.0838164562931717e-20,1.11692562057314e-17
encodeTFBS,MNT,14967,2.240661662220136e-20,1.2009946509499929e-17
encodeTFBS,UBTF,14552,3.2932829618454946e-20,1.7651996675491853e-17
encodeTFBS,MCM3,42797,5.3237024328386715e-20,2.853504504001528e-17
encodeTFBS,SREBF2,14300,1.327844396094084e-19,7.1172459630642906e-17
encodeTFBS,MCM5,42527,2.681258632464246e-19,1.4371546270008357e-16
encodeTFBS,FOS,15110,2.9464003501368775e-19,1.5792705876733662e-16
encodeTFBS,CEBPB,15181,4.475693789279245e-19,2.398971871053676e-16
RBP_ChIP,SRSF7,13116.5,6.722964435970105e-19,3.6035089376799763e-16
encodeTFBS,PKNOX1,15264,7.277078672861228e-19,3.900514168653618e-16
encodeTFBS,SAFB,13946,9.646602725496124e-19,5.170579060865922e-16
encodeTFBS,ATM,42810,1.546532629299115e-18,8.289414893043256e-16
encodeTFBS,PTBP1,14668,2.1850894519263286e-18,1.171207946232512e-15
encodeTFBS,ZHX2,14186,2.292171654591982e-18,1.2286040068613023e-15
encodeTFBS,EP300,15802,2.958899103089595e-18,1.585969919256023e-15
encodeTFBS,E2F7,14275,3.915101450768746e-18,2.0984943776120477e-15
encodeTFBS,TAF9B,15264,4.022810672925905e-18,2.156226520688285e-15
RBP_eCLiP,YWHAG,14334.5,9.33304464419963e-18,5.002511929291002e-15
encodeTFBS,WHSC1,14369,1.232854270244965e-17,6.608098888513013e-15
encodeTFBS,RFX5,15730,1.8505634234430978e-17,9.919019949655004e-15
encodeTFBS,ZSCAN29,15716,2.9952576021689513e-17,1.6054580747625578e-14
encodeTFBS,ZNF184,14753,3.6590833547137914e-17,1.9612686781265923e-14
RBP_eCLiP,RP1-37E16.12,14172,4.037232787873666e-17,2.1639567743002848e-14
encodeTFBS,USF2,16177,4.196565586307577e-17,2.2493591542608612e-14
encodeTFBS,GATA4,14723,5.4838573094905954e-17,2.939347517886959e-14
encodeTFBS,ZMYM3,14627,5.610327228158256e-17,3.0071353942928256e-14
RBP_eCLiP,XPO5,15140,6.010807088361689e-17,3.2217925993618653e-14
encodeTFBS,ZNF687,16087,7.718185255592895e-17,4.1369472969977915e-14
encodeTFBS,NFATC1,14734,1.0418003759427443e-16,5.584050015053109e-14
encodeTFBS,MTA3,16170,1.2161294057789323e-16,6.518453614975078e-14
encodeTFBS,HDAC2,16681,1.2581128072825128e-16,6.743484647034268e-14
encodeTFBS,DACH1,15878,2.245900941130288e-16,1.2038029044458345e-13
Encode_CREs,CTCF,39029,2.5452672472085404e-16,1.3642632445037777e-13
RBP_eCLiP,TRA2A,15075,4.1652571210710513e-16,2.2325778168940835e-13
RBP_eCLiP,TARDBP,15003,4.818881257793818e-16,2.5829203541774867e-13
encodeTFBS,CTCF,17008,7.112708421976166e-16,3.812411714179225e-13
encodeTFBS,JUN,15582,7.171895277895551e-16,3.844135868952015e-13
encodeTFBS,ZNF217,16378,1.1170373947424992e-15,5.987320435819796e-13
encodeTFBS,ZNF444,15992,1.2636630525093856e-15,6.773233961450307e-13
Encode_Histone,H3F3A,15184,1.3276957502818003e-15,7.11644922151045e-13
encodeTFBS,ZNF830,15233,1.741822365056664e-15,9.33616787670372e-13
encodeTFBS,JUNB,15244,1.8509993297561943e-15,9.9213564074932e-13
Encode_Histone,H3K27me3,15263,2.0555414433206843e-15,1.1017702136198868e-12
encodeTFBS,NFE2L2,16122,2.5384445384217432e-15,1.3606062725940544e-12
encodeTFBS,KDM4B,16240,2.753155880428953e-15,1.4756915519099187e-12
encodeTFBS,IRF2,15353,3.370695209062972e-15,1.806692632057753e-12
encodeTFBS,GATAD2B,16867,4.943040546485464e-15,2.6494697329162088e-12
RBP_eCLiP,HNRNPM,15441,5.444762988736759e-15,2.918392961962903e-12
encodeTFBS,ZHX1,15455,5.87704921085467e-15,3.150098377018103e-12
encodeTFBS,FIP1L1,16696,5.94857536314388e-15,3.1884363946451195e-12
encodeTFBS,ZBTB40,17117,6.170536791049706e-15,3.3074077200026423e-12
RBP_eCLiP,PUM1,15548,9.713101951619182e-15,5.206222646067881e-12
encodeTFBS,MEF2A,15576,1.1294601102566887e-14,6.053906190975851e-12
encodeTFBS,MITF,15599,1.2778147923793273e-14,6.849087287153194e-12
encodeTFBS,CTBP1,17112,1.7325957979688333e-14,9.286713477112947e-12
knownGene_RNAs,unprocessed_pseudogene,38075,4.600730352841685e-14,2.4659914691231434e-11
encodeTFBS,STAT3,15951,8.194522310417276e-14,4.39226395838366e-11
encodeTFBS,SP1,17849,8.398359066637895e-14,4.5015204597179115e-11
encodeTFBS,NR0B1,37937,9.372875240060189e-14,5.023861128672261e-11
encodeTFBS,TCF12,17695,1.1087228861902851e-13,5.942754669979928e-11
encodeTFBS,MAFF,16558,1.2438665106201577e-13,6.667124496924045e-11
Encode_Histone,H3K9me2,37662,1.481258336584846e-13,7.939544684094774e-11
encodeTFBS,CHD4,16070,1.5161987125754092e-13,8.126825099404193e-11
encodeTFBS,MEF2C,16209,3.0854310816810874e-13,1.6537910597810628e-10
encodeTFBS,ZBTB33,18048,3.646172518141956e-13,1.9543484697240885e-10
encodeTFBS,ZNF8,39987,5.89492732089604e-13,3.1596810440002774e-10
encodeTFBS,PHF20,17724,5.943940916985781e-13,3.185952331504379e-10
encodeTFBS,MLLT1,18380,1.7322456526494303e-12,9.284836698200946e-10
encodeTFBS,MAFK,18168,1.7582591121047558e-12,9.42426884088149e-10
encodeTFBS,PBX3,16690,1.994013720991555e-12,1.0687913544514735e-9
encodeTFBS,HNF1A,16829,2.3260842193518098e-12,1.24678114157257e-9
encodeTFBS,NCOA6,16764,2.8596169140655695e-12,1.5327546659391452e-9
encodeTFBS,ELK1,17637,3.017256209931675e-12,1.6172493285233779e-9
encodeTFBS,FOXM1,18179,5.024483657412956e-12,2.6931232403733445e-9
RBP_eCLiP,PUM2,16790,5.459947843479696e-12,2.926532044105117e-9
encodeTFBS,EZH2,18421,5.637847751709549e-12,3.0218863949163182e-9
encodeTFBS,NFE2,16810,6.011976644216882e-12,3.222419481300249e-9
G4Qpred,tl:13+_nl:10+_gn:2-4,17328.5,1.7224602263919416e-11,9.232386813460806e-9
Splice_Events,atacIntron,17214.5,2.2492401348377498e-11,1.2055927122730338e-8
encodeTFBS,RCOR1,18660,2.6902394645455318e-11,1.441968352996405e-8
encodeTFBS,ZBTB11,17635,3.716452670551993e-11,1.9920186314158682e-8
encodeTFBS,GATAD2A,18687,4.917168052580281e-11,2.6356020761830304e-8
encodeTFBS,SMARCA5,18722,5.731188143663755e-11,3.071916845003772e-8
encodeTFBS,HNRNPH1,17453,7.280722433087155e-11,3.902467224134715e-8
encodeTFBS,ATF7,19273,9.17229420134208e-11,4.916349691919355e-8
encodeTFBS,COPS2,37928,1.0940931075540071e-10,5.864339056489478e-8
RBP_eCLiP,PABPN1,17636,1.652541600573358e-10,8.8576229790732e-8
Repeat_Masker,rRNA,29091.5,1.7803314854234576e-10,9.542576761869733e-8
Encode_CREs,K4m3,36357,1.8706819772216124e-10,1.0026855397907842e-7
encodeTFBS,ZNF592,19399,2.4971072052352143e-10,1.3384494620060748e-7
encodeTFBS,MTA2,19460,3.220359198277782e-10,1.726112530276891e-7
RBP_eCLiP,HNRNPL,36031.5,3.5380121190798423e-10,1.8963744958267956e-7
Repeat_Masker,Simple_repeat,30268,4.224824240354493e-10,2.2645057928300083e-7
RBP_eCLiP,EIF3D,17889,8.198214233528252e-10,4.394242829171143e-7
encodeTFBS,HDAC6,18706,9.334856833294258e-10,5.003483262645722e-7
encodeTFBS,RUNX1,18410,1.1115590477549015e-9,5.957956495966272e-7
encodeTFBS,PHF21A,18586,1.4492511018474294e-9,7.767985905902222e-7
encodeTFBS,KLF16,18059,1.6941823607014099e-9,9.080817453359557e-7
encodeTFBS,CREBBP,35652,1.82033086994836e-9,9.75697346292321e-7
encodeTFBS,ZNF24,19891,1.860629594553367e-9,9.972974626806046e-7
Repeat_Masker,Satellite,29987,2.6893861904671057e-9,1.4415109980903686e-6
encodeTFBS,NBN,20159,3.420994612383064e-9,1.8336531122373224e-6
encodeTFBS,RBM34,18262,3.960536845615288e-9,2.1228477492497944e-6
RBP_eCLiP,BCLAF1,18502,4.1739026761385776e-9,2.2372118344102777e-6
encodeTFBS,ZNF407,18320,5.032039118067157e-9,2.6971729672839962e-6
encodeTFBS,CHAMP1,18690,5.6470887506460084e-9,3.0268395703462604e-6
tRNAs,tRNAs,18434,6.54960303655684e-9,3.510587227594466e-6
encodeTFBS,ZBTB1,37812,7.090187899004339e-9,3.8003407138663254e-6
encodeTFBS,FOSL1,19026,8.695795388745935e-9,4.660946328367821e-6
encodeTFBS,BATF,18473,9.38886948588666e-9,5.032434044435249e-6
encodeTFBS,ZNF384,20232,1.6952168574623425e-8,9.086362355998155e-6
encodeTFBS,NFRKB,20583,1.7280762609063042e-8,9.26248875845779e-6
encodeTFBS,SMARCE1,20410,2.1448390970972346e-8,1.1496337560441177e-5
encodeTFBS,ZNF507,18685,2.1891260965984028e-8,1.173371587776744e-5
encodeTFBS,SRF,20429,2.30250919921092e-8,1.234144930777053e-5
encodeTFBS,ZNF574,19985,3.8090859010780134e-8,2.041670042977815e-5
encodeTFBS,PYGO2,19032,5.377987155362036e-8,2.8826011152740513e-5
RBP_eCLiP,QKI,34787,5.920291003199644e-8,3.173275977715009e-5
encodeTFBS,SNRNP70,18957,6.294097471243735e-8,3.373636244586642e-5
encodeTFBS,FOXP1,37472,9.292290111089755e-8,4.980667499544109e-5
encodeTFBS,SOX13,19432,1.0105316882904398e-7,5.4164498492367575e-5
encodeTFBS,FOXA2,20988,1.149743867880565e-7,6.162627131839829e-5
RBP_eCLiP,EIF3G,18963,1.5282966257614987e-7,8.191669914081633e-5
encodeTFBS,BCL11A,19206,1.6071508362420466e-07,8.61432848225737e-5
encodeTFBS,ESR1,19283,2.1353479718679503e-7,1.1445465129212213e-4
encodeTFBS,TRIM22,21470,6.033766048017161e-7,3.2340986017371983e-4
encodeTFBS,CBX3,21262,6.665571589247535e-7,3.572746371836679e-4
RBP_eCLiP,FUBP3,19793,8.661839324751027e-7,4.6427458780665506e-4
RBP_eCLiP,KHDRBS1,34028,9.425770391046118e-7,5.052212929600719e-4
encodeTFBS,NEUROD1,21390,1.0205144028061741e-6,5.469957199041093e-4
encodeTFBS,FOXA1,21856,1.448132652811041e-6,7.76199101906718e-4
encodeTFBS,NR2C2,20343,1.672794185316443e-6,8.966176833296134e-4
encodeTFBS,RFX1,21868,2.210226863822686e-6,0.0011846815990089598
encodeTFBS,IRF3,20985,2.8529092383172584e-6,0.0015291593517380506
encodeTFBS,CUX1,21114,2.933260366703765e-6,0.001572227556553218
encodeTFBS,E4F1,22116,3.3033590517515484e-6,0.00177060045173883
encodeTFBS,MCM2,35828,4.024630178781065e-6,0.002157201775826651
encodeTFBS,CDC5L,20189,4.942872216829937e-6,0.0026493795082208464
encodeTFBS,NCOA3,36264,5.111310458785825e-6,0.002739662405909202
encodeTFBS,ARID2,21156,7.228014552439447e-6,0.0038742158001075435
encodeTFBS,DEAF1,20313,7.3826309993004415e-6,0.003957090215625037
encodeTFBS,ATF2,22260,7.460370589748705e-6,0.003998758636105305
encodeTFBS,ESRRA,22180,8.461668161165985e-6,0.004535454134384968
Repeat_Masker,DNA,16425,1.0761387012563824e-5,0.00576810343873421
knownGene_RNAs,processed_pseudogene,33448,1.141323557067538e-5,0.006117494265882004
encodeTFBS,HNRNPUL1,22165,1.1664805473425052e-5,0.006252335733755827
encodeTFBS,STAT2,20481,1.257404091867266e-5,0.006739685932408546
RBP_eCLiP,CDC40,20587,1.7479868314250695e-5,0.009369209416438373
G4Qpred,tl:13+_nl:10+_gn:5+,20650,1.7492899580704606e-5,0.009376194175257669
encodeTFBS,SOX6,22786,2.443446564679606e-5,0.013096873586682689
encodeTFBS,ARNT,22863,4.298540056656019e-5,0.023040174703676263
Repeat_Masker,Low_complexity,16831,4.445576394041835e-5,0.023828289472064237
RBP_eCLiP,BCCIP,21029,4.511198160364415e-5,0.024180022139553264
Repeat_Masker,LINE,26934,6.942272177376962e-5,0.037210578870740516
encodeTFBS,ARID3A,23254,8.896146407610604e-5,0.047683344744792834
knownGene_RNAs,transcribed_processed_pseudogene,21391,1.247925128363194e-4,0.0668887868802672
encodeTFBS,ZNF207,23298,1.3897578836825748e-4,0.074491022565386
RBP_eCLiP,PTBP1,32506.5,1.7917232582697346e-4,0.09603636664325778
RBP_eCLiP,KHSRP,21421,1.9555984303891135e-4,0.10482007586885649
encodeTFBS,CBX8,32613,2.1067346709465054e-4,0.11292097836273268
Repeat_Masker,Retroposon,25719.5,2.488383226056796e-4,0.13337734091664427
Repeat_Masker,scRNA,2374.5,3.065685489137349e-4,0.1643207422177619
RBP_eCLiP,IGF2BP3,32079,3.595018260447562e-4,0.19269297875998934
RBP_eCLiP,HNRNPK,21754,4.717086388760852e-4,0.2528358304375817
encodeTFBS,SREBF1,23175,5.026494697712802e-4,0.2694201157974062
encodeTFBS,PHB2,34515,6.01317989057597e-4,0.322306442134872
encodeTFBS,"NANOG",22498,6.206945938552036e-4,0.33269230230638913
RBP_eCLiP,MATR3,31865,6.215492411749364e-4,0.33315039326976587
RBP_eCLiP,SUGP2,32023,6.329655866757959e-4,0.3392695544582266
Repeat_Masker,LTR,26334,7.63410491317126e-4,0.40918802334597953
encodeTFBS,MYB,22194,0.0013972175822442247,0.7489086240829045
encodeTFBS,ZNF282,24330,0.001668098053840822,0.8941005568586806
RBP_eCLiP,AGGF1,22315,0.0018360318102573206,0.9841130502979238
encodeTFBS,ARHGAP35,27475,0.7843160510946064,1
encodeTFBS,BMI1,29768,0.5762847505979707,1
encodeTFBS,BRCA1,23810,0.005040572941195514,1
encodeTFBS,CBX2,26197,0.6483398352078039,1
encodeTFBS,CBX5,24252,0.00724707914111993,1
encodeTFBS,CCAR2,29546,0.6785208879699589,1
encodeTFBS,CHD7,22671,0.003100472533169961,1
encodeTFBS,CREB1,24663,0.0025917398819057446,1
encodeTFBS,EHMT2,28114,0.5427385544232577,1
encodeTFBS,EWSR1,28995,0.7303341199526707,1
encodeTFBS,FOXK2,25515,0.01737390517120304,1
encodeTFBS,HES1,29476,0.7121496644657372,1
encodeTFBS,HSF1,26238,0.36259828214168327,1
encodeTFBS,IRF5,33437,0.004521193291194116,1
encodeTFBS,KAT2B,26504,0.7303919320702672,1
encodeTFBS,LCORL,32189,0.05368578373073602,1
encodeTFBS,MCM7,33131,0.0031150608889209484,1
encodeTFBS,MYBL2,24913,0.0585625824390541,1
encodeTFBS,NCOA2,29218,0.6232651460721992,1
encodeTFBS,NCOA4,30939,0.041826783095838725,1
encodeTFBS,NFIB,27130,0.2478143932289491,1
encodeTFBS,NFXL1,26294,0.10739839892682351,1
encodeTFBS,NUFIP1,23974,0.030713743271159225,1
encodeTFBS,PAX8,27227,0.4695733135451308,1
encodeTFBS,PCBP2,24335,0.022711439719933082,1
encodeTFBS,RAD51,24703,0.003696989321978303,1
encodeTFBS,RBM15,25438,0.4344898990732907,1
encodeTFBS,SIRT6,25745,0.4440557653944552,1
encodeTFBS,SIX4,26364,0.5258523187508302,1
encodeTFBS,SRSF7,29270,0.07966060451220584,1
encodeTFBS,SUZ12,28335,0.4584364900396959,1
encodeTFBS,TBX3,26371,0.06784003424787206,1
encodeTFBS,THRA,27536,0.6458814979078287,1
encodeTFBS,TRIP13,23723,0.03163695332323905,1
encodeTFBS,XRCC3,29915,0.11909805774223609,1
encodeTFBS,ZBTB5,29817,0.49142665362011884,1
encodeTFBS,ZBTB7B,25827,0.04519406242073629,1
encodeTFBS,ZBTB8A,28359,0.4141025680510769,1
encodeTFBS,ZKSCAN1,28598,0.6305922051813182,1
encodeTFBS,ZMIZ1,26609,0.8617490122641341,1
encodeTFBS,ZNF274,27764,0.9354343738260051,1
encodeTFBS,ZNF280A,23743,0.03273794521325837,1
encodeTFBS,ZNF512B,33290,0.004389648182435898,1
knownGene_RNAs,lncRNA,27764,0.6074840207767112,1
knownGene_RNAs,rRNA_pseudogene,28978,0.17353998908090837,1
knownGene_RNAs,snRNA,32003,0.011336452643437918,1
knownGene_RNAs,transcribed_unprocessed_pseudogene,28809,0.22017811208665447,1
Microsatellite,Microsatellite,28451,0.8394512607750391,1
PolyA,pseudo_polyA,28233.5,0.4044289870087659,1
RBP_eCLiP,DDX51,24205,0.06886374380415754,1
RBP_eCLiP,DKC1,22563,0.0032530333569239815,1
RBP_eCLiP,EXOSC5,22343,0.0018797709729168521,1
RBP_eCLiP,FXR1,22494,0.0027754327642805798,1
RBP_eCLiP,GRSF1,25016,0.20615806265257136,1
RBP_eCLiP,ILF3,31333.5,0.002227146865777611,1
RBP_eCLiP,MTPAP,30098,0.02692477973872255,1
RBP_eCLiP,NIP7,20471,0.015133549812665063,1
RBP_eCLiP,PHF6,24859,0.17016266579416958,1
RBP_eCLiP,PPIL4,26325,0.7874197159030969,1
RBP_eCLiP,SAFB2,27650,0.5909185980476873,1
RBP_eCLiP,SLTM,24303.5,0.07979302518848073,1
RBP_eCLiP,ZC3H11A,24128,0.14368819296173202,1
RBP_eCLiP,ZNF800,27703.5,0.5658466235498014,1
Repeat_Masker,SINE,12213,0.003083548792141324,1
Repeat_Masker,snRNA,19988.5,0.28640107393609515,1
Repeat_Masker,srpRNA,19179.5,0.18319400548902898,1
Repeat_Masker,tRNA,24096,0.006030748627912649,1
